{
    "setting": {
        "effect_adjust_params": [
            {
                "effect_key": "effects_adjust_speed",
                "default": 0.5,
                "min": 0,
                "max": 1
            },
            {
                "effect_key": "effects_adjust_speed2",
                "default": 0.5,
                "min": 0,
                "max": 1
            },
            {
                "effect_key": "effects_adjust_speed3",
                "default": 0.5,
                "min": 0,
                "max": 1
            },
            {
                "effect_key": "effects_adjust_speed4",
                "default": 1.0,
                "min": 0,
                "max": 1
            }
        ]
    }
}