{"version": "1.0", "mode": 2, "name": "AlgorithmGraph_mecDbIcydPdkbycictFj8cAcBdec", "size": {"width": 360, "height": 640}, "nodes": [{"name": "blit_0", "type": "blit", "config": {"size": {"width": 360, "height": 640}, "keyMaps": {"intParam": {}, "floatParam": {}, "stringParam": {}, "pathParam": {}}}}, {"name": "matting_0", "type": "matting", "config": {"keyMaps": {"intParam": {}, "floatParam": {}, "stringParam": {}, "pathParam": {}}}}], "links": [{"fromNode": "blit_0", "fromIndex": 0, "toNode": "matting_0", "toIndex": 0}]}