{
    "setting": {
        "effect_adjust_params": [
            {
                "effect_key": "effects_adjust_speed",
                "default": 0,
                "min": 0,
                "max": 1
            },
            {
                "effect_key": "effects_adjust_speed2",
                "default": 0,
                "min": 0,
                "max": 1
            },
            {
                "effect_key": "effects_adjust_speed3",
                "default": 0,
                "min": 0,
                "max": 1
            },
            {
                "effect_key": "effects_adjust_speed4",
                "default": 0.1,
                "min": 0,
                "max": 1
            },
            {
                "effect_key": "effects_adjust_speed5",
                "default": 0.1,
                "min": 0,
                "max": 1
            },
            {
                "effect_key": "effects_adjust_speed6",
                "default": 0.1,
                "min": 0,
                "max": 1
            },
            {
                "effect_key": "effects_adjust_speed7",
                "default": 0.5,
                "min": 0,
                "max": 1
            }
            {
                "effect_key": "effects_adjust_speed8",
                "default": 0,
                "min": 0,
                "max": 1
            },
            {
                "effect_key": "effects_adjust_speed9",
                "default": 0,
                "min": 0,
                "max": 1
            },
            {
                "effect_key": "effects_adjust_speed10",
                "default": -0.5,
                "min": 0,
                "max": 1
            },
            {
                "effect_key": "effects_adjust_speed11",
                "default": 0,
                "min": 0,
                "max": 1
            },
            {
                "effect_key": "effects_adjust_speed12",
                "default": 0,
                "min": 0,
                "max": 1
            },
            {
                "effect_key": "effects_adjust_speed13",
                "default": 0,
                "min": 0,
                "max": 1
            }
            {
                "effect_key": "effects_adjust_speed14",
                "default": 0,
                "min": 0,
                "max": 1
            },
            {
                "effect_key": "effects_adjust_speed15",
                "default": 0,
                "min": 0,
                "max": 1
            },
            {
                "effect_key": "effects_adjust_speed16",
                "default": 0,
                "min": 0,
                "max": 1
            }
        ]
    }
}