[{"ClassName": "graphBuild", "Super": "ScriptComponent", "FilePath": "lua/graphBuild.lua", "FileAbsPath": "/Users/junshengwu/Downloads/e6d5122fef3802b4a8ba53c5b9cd26b1 (2)/AmazingFeature/lua/graphBuild.lua", "Properties": [{"VarName": "inputTexture", "VarType": "Texture", "Comment": "", "AnnoItems": [{"ItemType": "UI", "Attributes": [{"AttrType": "Type", "RawValue": "", "Values": ["Texture"]}]}]}, {"VarName": "curTime", "VarType": "Double", "Comment": "", "AnnoItems": [{"ItemType": "UI", "Attributes": [{"AttrType": "Range", "RawValue": "", "Values": [0.0, 3.0]}, {"AttrType": "Slider", "RawValue": "", "Values": []}]}]}], "Methods": [{"FuncName": "CreateRenderTexture", "Params": [], "Comment": ""}, {"FuncName": "setMaterialProp", "Params": [], "Comment": ""}, {"FuncName": "split", "Params": [], "Comment": ""}, {"FuncName": "buildRenderChain", "Params": [], "Comment": ""}, {"FuncName": "new", "Params": [], "Comment": ""}, {"FuncName": "init", "Params": [], "Comment": ""}, {"FuncName": "onStart", "Params": [], "Comment": ""}, {"FuncName": "onUpdate", "Params": [], "Comment": ""}, {"FuncName": "onEvent", "Params": [], "Comment": ""}], "Comment": "", "ExportFiles": ["prefabs"]}]