{
    "setting": {
        "effect_adjust_params": [
            {
                "effect_key": "effects_adjust_speed",
                "default": 0.5,
                "min": 0.0,
                "max": 1.0
            },
	    {
                "effect_key": "effects_adjust_speed2",
                "default": 2.25,
                "min": 0.0,
                "max": 10.0
            },
	    {
                "effect_key": "effects_adjust_speed3",
                "default": 2.25,
                "min": 0.0,
                "max": 10.0
            },
	    {
                "effect_key": "effects_adjust_speed4",
                "default": 5.0,
                "min": 0.0,
                "max": 10.0
            },
            {
                "effect_key": "effects_adjust_speed5",
                "default": 16.0,
                "min": 0.0,
                "max": 32.0
            }
        ]
    }
}