{
    "setting": {
        "effect_adjust_params": [
            {
                "effect_key": "effects_adjust_speed",
                "default": .5,
                "min": 0,
                "max": 1
            },
            {
                "effect_key": "effects_adjust_texture",
                "default": 0,
                "min": 0,
                "max": 1
            },
            {
                "effect_key": "effects_adjust_speed2",
                "default": 0,
                "min": 0,
                "max": 1
            },
            {
                "effect_key": "effects_adjust_texture2",
                "default": 0,
                "min": 0,
                "max": 1
            }
        ]
    }
}