{
    "setting": {
        "effect_adjust_params": [
            {
                "effect_key": "effects_adjust_speed",
                "default": 0.33333333333333,
                "min": 0,
                "max": 1
            },
	    {
                "effect_key": "effects_adjust_speed2",
                "default": 1,
                "min": 0,
                "max": 1
            },
            {
                "effect_key": "effects_adjust_speed3",
                "default": 0.5,
                "min": 0,
                "max": 1
            },
	    {
                "effect_key": "effects_adjust_speed4",
                "default": 0.1,
                "min": 0,
                "max": 1
            },
            {
                "effect_key": "effects_adjust_speed5",
                "default": 0.5,
                "min": 0,
                "max": 1
            },
	    {
                "effect_key": "effects_adjust_speed6",
                "default": 0.5,
                "min": 0,
                "max": 1
            },
            {
                "effect_key": "effects_adjust_speed7",
                "default": 0.5,
                "min": 0,
                "max": 1
            },
	    {
                "effect_key": "effects_adjust_speed8",
                "default": 0.5,
                "min": 0,
                "max": 1
            }
        ]
    }
}