{
    "setting":{
        "effect_adjust_params":[
            {
                "effect_key":"effects_adjust_speed",
                "default":0.33,
                "max":1.0,
                "min":0.0
            },
            {
                "effect_key":"effects_adjust_distortion",
                "default":1.0,
                "max":1.0,
                "min":0.0
            },
            {
                "effect_key":"effects_adjust_speed2",
                "default":1.0,
                "max":1.0,
                "min":0.0
            },
            {
                "effect_key":"effects_adjust_distortion2",
                "default":1.0,
                "max":1.0,
                "min":0.0
            },
            {
                "effect_key":"effects_adjust_speed3",
                "default":0.0,
                "max":1.0,
                "min":0.0
            }
        ]
    }
}
