{
    "setting": {
        "effect_adjust_params": [
            {
                "effect_key": "effects_adjust_intensity",
                "default": 0.5,
                "min": 0,
                "max": 1
            },
            {
                "effect_key": "effects_adjust_size",
                "default": 0,
                "min": 0,
                "max": 1
            },
            {
                "effect_key": "effects_adjust_intensity2",
                "default": 0.5,
                "min": 0,
                "max": 1
            },
            {
                "effect_key": "effects_adjust_size2",
                "default": 0.5,
                "min": 0,
                "max": 1
            },
            {
                "effect_key": "effects_adjust_intensity3",
                "default": 1,
                "min": 0,
                "max": 1
            }
        ]
    }
}